16, 7, 6, 5, 4, 3, 3, 2, 2, 2, 2, 2, 1, 1, 1, 1, 1, 1, 1, 1, 1, 1, 1, 1, 1, 1, 1, 1, 1, 1, 1, 1, 1
36, 6, 6, 6, 4, 3, 3, 3, 2, 2, 2, 2, 2, 2, 2, 1, 1, 1, 1, 1, 1, 1, 1, 1, 1, 1, 1, 1, 1, 1, 1, 1, 1
67, 18, 11, 6, 4, 3, 3, 2, 2, 2, 2, 2, 2, 2, 2, 2, 2, 1, 1, 1, 1, 1, 1, 1, 1, 1, 1, 1, 1, 1, 1, 1, 1, 1, 1, 1, 1, 1
5, 4, 3, 2, 1, 1, 1, 1, 1, 1, 1, 1, 1, 1, 1, 1, 1, 1
13, 8, 8, 6, 4, 3, 2, 1, 1, 1, 1, 1, 1, 1, 1, 1, 1, 1, 1, 1, 1, 1, 1, 1, 1, 1, 1
15, 15, 6, 3, 2, 2, 1, 1, 1, 1, 1
14, 12, 7, 6, 4, 3, 2, 2, 2, 2, 2, 1, 1, 1, 1
8, 7, 7, 5, 5, 4, 4, 3, 2, 1, 1, 1
4, 3, 1
9, 4, 2, 2, 2, 2, 2, 2, 1, 1, 1, 1, 1, 1, 1, 1, 1, 1, 1
8, 6, 4, 3, 3, 2, 1, 1, 1, 1, 1, 1, 1, 1, 1
7, 5, 2, 1, 1, 1, 1, 1, 1, 1, 1, 1, 1, 1, 1
5, 5, 5, 4, 3, 2, 2, 2, 1, 1, 1, 1, 1, 1, 1, 1
14, 9, 7, 6, 3, 2, 1, 1, 1, 1
17, 16, 10, 9, 7, 3, 2, 1, 1, 1, 1, 1, 1, 1, 1, 1, 1, 1, 1, 1
14, 7, 6, 5, 1, 1, 1, 1
25, 3, 1, 1, 1
35, 6, 1
8, 8, 7, 3, 3, 2, 2, 1, 1, 1, 1, 1, 1, 1, 1, 1, 1
11, 6, 6, 4, 3, 3, 3, 2, 1, 1, 1, 1, 1, 1, 1, 1, 1, 1, 1, 1, 1, 1, 1, 1, 1, 1, 1, 1
8, 4, 4, 4, 2, 2, 1, 1, 1, 1, 1, 1, 1, 1, 1, 1, 1, 1, 1, 1, 1
25, 16, 12, 3, 3, 3, 3, 2, 2, 2, 2, 2, 1, 1, 1, 1, 1
16, 14, 9, 6, 3, 2, 1
8, 7, 6, 5, 3, 1, 1, 1
8, 8, 3, 3, 2, 1, 1, 1
5, 3, 1
1,
7, 5, 4, 3, 2, 2, 1, 1, 1, 1, 1, 1, 1, 1, 1, 1, 1, 1, 1, 1, 1
9, 4, 4, 3, 3, 2, 2, 2, 2, 1, 1, 1, 1, 1, 1, 1, 1, 1, 1, 1, 1
5, 4, 3, 2, 1, 1, 1, 1, 1, 1, 1, 1, 1, 1, 1, 1, 1, 1
58, 15, 11, 9, 9, 7, 3, 2, 1, 1, 1, 1, 1, 1, 1, 1, 1, 1
30, 22, 11, 8, 6, 2, 1, 1, 1, 1, 1, 1
59, 43, 31, 29, 12, 12, 10, 9, 6, 6, 5, 3, 3, 2, 2, 1, 1, 1, 1, 1, 1, 1, 1
52, 47, 34, 32, 14, 12, 11, 3, 2, 1, 1
25, 18, 16, 9, 9, 7, 4, 4, 2, 2, 1, 1, 1, 1, 1
21, 2, 1
12, 10, 6, 5, 4, 4, 3, 3, 2, 2, 1, 1, 1, 1, 1, 1, 1, 1, 1, 1, 1, 1, 1, 1
15, 7, 5, 5, 4, 4, 4, 4, 3, 3, 2, 1, 1, 1, 1, 1, 1, 1, 1, 1, 1, 1, 1, 1, 1, 1, 1, 1
11, 8, 6, 5, 5, 4, 3, 3, 2, 2, 2, 1, 1, 1, 1, 1, 1, 1, 1, 1
60, 32, 11, 9, 7, 5, 4, 4, 3, 3, 2, 2, 2, 2, 1, 1, 1, 1, 1, 1, 1, 1, 1, 1, 1, 1, 1, 1, 1, 1
37, 32, 20, 20, 15, 15, 9, 3, 2, 2, 2, 1, 1, 1, 1, 1, 1, 1, 1, 1
22, 17, 16, 14, 8, 8, 4, 3, 2, 2, 1, 1, 1, 1, 1, 1
41, 37, 35, 29, 22, 20, 20, 9, 8, 4, 4, 4, 3, 3, 1, 1, 1, 1, 1, 1, 1
42, 31, 31, 24, 15, 15, 14, 9, 5, 4, 3, 2, 2
43, 32, 24, 7, 4, 3, 1
19, 14, 14, 9, 9, 6, 5, 4, 2, 2, 2, 2, 2, 1, 1, 1, 1, 1, 1, 1, 1, 1, 1, 1, 1, 1, 1, 1, 1, 1, 1, 1, 1, 1, 1, 1, 1, 1, 1, 1, 1
22, 11, 5, 4, 4, 4, 4, 4, 3, 3, 3, 3, 3, 3, 3, 2, 2, 2, 2, 2, 1, 1, 1, 1, 1, 1, 1, 1, 1, 1, 1, 1, 1, 1, 1, 1, 1, 1, 1, 1, 1, 1, 1, 1
18, 14, 12, 8, 7, 5, 4, 4, 4, 4, 3, 3, 3, 2, 2, 2, 1, 1, 1, 1, 1, 1, 1, 1, 1, 1, 1, 1, 1, 1, 1, 1, 1
37, 19, 17, 12, 12, 11, 10, 9, 5, 5, 5, 4, 4, 4, 3, 3, 2, 2, 2, 2, 1, 1, 1, 1, 1, 1, 1, 1, 1, 1, 1, 1
40, 37, 25, 15, 12, 10, 4, 4, 3, 2, 2, 2, 2, 1, 1, 1, 1, 1, 1, 1, 1, 1, 1, 1, 1
32, 20, 20, 19, 17, 9, 8, 6, 5, 4, 4, 3, 2, 2, 2, 1, 1, 1, 1, 1, 1, 1, 1, 1, 1, 1, 1
38, 24, 24, 23, 19, 9, 8, 6, 4, 3, 1, 1, 1, 1, 1, 1, 1
49, 20, 20, 19, 17, 15, 9, 6, 6, 5, 4, 4, 3, 3, 2, 2, 1, 1, 1, 1, 1
44, 26, 22, 12, 6, 4, 4, 3, 3, 1
14, 7, 5, 4, 4, 3, 3, 2, 2, 2, 1, 1, 1, 1, 1, 1, 1, 1, 1, 1, 1, 1, 1
14, 7, 6, 3, 3, 2, 2, 2, 2, 2, 2, 2, 1, 1, 1, 1, 1, 1, 1, 1, 1, 1
11, 10, 6, 3, 2, 2, 2, 1, 1, 1, 1, 1, 1, 1, 1, 1, 1, 1, 1, 1, 1, 1
9, 4, 2, 2, 1, 1, 1, 1, 1, 1, 1, 1, 1, 1, 1, 1, 1, 1, 1
5, 2, 1, 1, 1, 1, 1, 1, 1
5, 2, 2, 1, 1, 1, 1, 1, 1, 1
4, 3, 2, 2, 1, 1, 1
2, 2, 1, 1, 1, 1
5, 5
23, 12, 11, 7, 7, 6, 4, 4, 3, 3, 2, 2, 2, 2, 2, 1, 1, 1, 1, 1, 1, 1, 1, 1, 1, 1, 1, 1, 1, 1, 1, 1, 1
36, 7, 6, 5, 5, 5, 5, 4, 3, 3, 3, 2, 2, 2, 2, 2, 2, 1, 1, 1, 1, 1, 1, 1, 1, 1, 1, 1, 1, 1, 1, 1, 1, 1, 1
37, 8, 7, 6, 5, 4, 3, 2, 2, 2, 2, 1, 1, 1, 1, 1, 1, 1, 1, 1, 1, 1, 1, 1, 1, 1, 1, 1, 1, 1
75, 23, 13, 12, 10, 9, 6, 5, 4, 3, 2, 2, 2, 2, 2, 1, 1, 1, 1, 1, 1, 1, 1, 1, 1, 1, 1, 1, 1, 1, 1, 1, 1, 1
65, 25, 16, 11, 10, 9, 9, 7, 4, 2, 2, 2, 1, 1, 1, 1, 1, 1, 1, 1, 1, 1, 1, 1, 1, 1, 1, 1, 1
88, 64, 57, 47, 26, 20, 19, 14, 12, 8, 3, 3, 3, 2, 1, 1, 1, 1, 1, 1, 1, 1, 1, 1, 1
92, 52, 25, 15, 15, 10, 8, 7, 6, 6, 4, 3, 3, 3, 3, 3, 3, 2, 2, 1, 1, 1
36, 21, 20, 2, 1, 1, 1, 1, 1, 1, 1
42, 15, 13, 10, 4, 3, 3, 2, 1, 1, 1, 1, 1, 1, 1, 1
26, 9, 8, 5, 5, 5, 3, 2, 2, 2, 2, 2, 2, 2, 2, 2, 2, 2, 2, 2, 1, 1, 1, 1, 1, 1, 1, 1, 1, 1, 1, 1, 1, 1
28, 11, 7, 5, 4, 4, 4, 4, 3, 2, 2, 2, 2, 2, 1, 1, 1, 1, 1, 1, 1, 1, 1, 1, 1, 1, 1, 1, 1, 1, 1, 1, 1, 1, 1, 1
19, 12, 10, 7, 7, 5, 3, 3, 3, 3, 2, 2, 2, 2, 2, 1, 1, 1, 1, 1, 1, 1, 1, 1, 1, 1, 1, 1, 1, 1, 1, 1, 1, 1, 1, 1, 1, 1, 1, 1
25, 24, 23, 21, 21, 15, 9, 4, 4, 4, 3, 3, 3, 3, 3, 2, 2, 1, 1, 1, 1, 1, 1, 1, 1, 1, 1, 1
72, 23, 20, 5, 5, 4, 3, 3, 2, 2, 2, 1, 1, 1, 1, 1, 1
28, 17, 12, 3, 2, 2, 1, 1, 1, 1, 1, 1, 1, 1, 1, 1, 1
65, 36, 22, 18, 6, 4, 3, 3, 1, 1, 1, 1, 1, 1, 1, 1, 1
22, 12, 6, 4, 3, 2, 2, 2, 2, 1, 1, 1
73, 3, 2, 2
12, 7, 7, 4, 3, 2, 2, 2, 2, 2, 2, 2, 1, 1, 1, 1, 1, 1, 1, 1, 1, 1, 1, 1, 1, 1, 1, 1, 1, 1, 1, 1, 1
20, 8, 7, 5, 4, 3, 3, 3, 2, 2, 2, 2, 2, 1, 1, 1, 1, 1, 1, 1, 1, 1, 1, 1, 1, 1, 1, 1
13, 8, 4, 4, 3, 3, 2, 2, 2, 2, 2, 2, 1, 1, 1, 1, 1, 1, 1, 1, 1, 1, 1, 1, 1, 1
14, 9, 6, 5, 5, 5, 5, 4, 4, 3, 2, 2, 2, 1, 1, 1, 1, 1, 1, 1, 1, 1, 1, 1, 1, 1, 1, 1, 1, 1
50, 15, 11, 8, 5, 3, 3, 3, 2, 2, 2, 2, 1, 1, 1, 1, 1, 1, 1, 1, 1, 1, 1
31, 29, 12, 7, 7, 6, 5, 4, 4, 3, 2, 2, 2, 1, 1, 1, 1, 1, 1, 1
49, 10, 3, 3, 3, 2, 2, 2, 1, 1, 1, 1, 1, 1, 1
41, 11, 8, 8, 7, 6, 4, 4, 3, 2, 1, 1, 1, 1, 1, 1, 1
7, 3, 3, 3, 2, 2, 1, 1
14, 5, 4, 4, 4, 3, 3, 2, 2, 2, 2, 2, 2, 2, 2, 2, 1, 1, 1, 1, 1, 1, 1, 1, 1, 1, 1, 1, 1, 1, 1, 1, 1, 1, 1, 1, 1
12, 10, 9, 5, 4, 3, 3, 3, 2, 2, 2, 2, 2, 2, 1, 1, 1, 1, 1, 1, 1, 1, 1, 1, 1, 1, 1, 1, 1, 1
9, 8, 4, 3, 3, 3, 3, 2, 2, 2, 2, 2, 2, 2, 1, 1, 1, 1, 1, 1, 1, 1, 1, 1, 1
6, 4, 4, 2, 2, 2, 2, 2, 1, 1, 1, 1, 1, 1, 1, 1
4, 3, 2, 2, 2, 2, 1, 1, 1, 1, 1, 1, 1, 1, 1
4, 3, 3, 2, 2, 1, 1, 1, 1
2, 2, 1, 1
2, 2, 1, 1, 1, 1, 1, 1, 1, 1, 1, 1
1,
3, 3, 2, 2, 2, 2, 2, 1, 1, 1, 1, 1, 1, 1, 1, 1, 1
14, 2, 1, 1, 1, 1, 1, 1, 1, 1, 1, 1, 1, 1, 1
8, 4, 2, 2, 2, 1, 1, 1, 1, 1, 1, 1, 1
27, 10, 4, 4, 2, 2, 2, 1, 1
29, 2, 1, 1, 1, 1, 1, 1
26, 14, 11, 9, 6, 5, 2, 2, 1
59, 40, 18, 3, 2, 2, 1, 1, 1, 1
80, 8, 7, 4, 1, 1
39, 1, 1
20, 10, 8, 5, 5, 4, 4, 3, 2, 2, 2, 2, 2, 2, 2, 2, 2, 2, 1, 1, 1, 1, 1, 1, 1, 1, 1, 1, 1, 1, 1, 1, 1, 1, 1, 1, 1, 1, 1, 1, 1, 1, 1
20, 12, 10, 6, 5, 5, 3, 3, 2, 2, 2, 2, 2, 2, 2, 2, 2, 1, 1, 1, 1, 1, 1, 1, 1, 1, 1, 1, 1, 1, 1, 1, 1, 1, 1, 1, 1, 1, 1, 1, 1, 1, 1, 1
12, 11, 8, 3, 3, 3, 3, 3, 2, 2, 2, 2, 1, 1, 1, 1, 1, 1, 1, 1, 1, 1, 1, 1, 1, 1, 1, 1, 1, 1, 1, 1, 1, 1, 1, 1
24, 15, 8, 4, 4, 3, 2, 2, 2, 2, 2, 1, 1, 1, 1, 1, 1, 1, 1, 1, 1, 1, 1, 1, 1
11, 10, 10, 5, 4, 4, 4, 3, 3, 3, 3, 3, 2, 2, 2, 1, 1, 1, 1, 1, 1, 1, 1, 1, 1, 1, 1, 1, 1
12, 11, 7, 7, 5, 4, 3, 3, 2, 2, 2, 1, 1, 1, 1, 1, 1, 1, 1, 1, 1, 1, 1, 1, 1
7, 6, 5, 4, 4, 3, 3, 2, 2, 2, 2, 2, 1, 1, 1, 1, 1, 1, 1
8, 3, 3, 2, 2, 2, 2, 1, 1, 1, 1, 1, 1
4, 3, 2, 1, 1, 1, 1, 1, 1, 1
20, 11, 5, 3, 3, 3, 2, 2, 2, 1, 1, 1, 1, 1, 1, 1, 1, 1, 1, 1, 1, 1, 1, 1, 1, 1, 1, 1, 1, 1, 1, 1, 1, 1, 1, 1, 1, 1, 1, 1
13, 12, 11, 7, 4, 4, 3, 3, 3, 3, 2, 2, 2, 2, 1, 1, 1, 1, 1, 1, 1, 1, 1, 1, 1, 1, 1, 1, 1, 1, 1
9, 4, 3, 2, 2, 2, 2, 2, 2, 2, 1, 1, 1, 1, 1, 1, 1, 1, 1, 1, 1, 1, 1, 1, 1, 1, 1
13, 11, 9, 9, 6, 4, 4, 4, 3, 3, 3, 2, 2, 2, 2, 2, 2, 1, 1, 1, 1, 1, 1, 1, 1, 1, 1, 1, 1, 1, 1, 1
16, 14, 13, 9, 8, 4, 3, 3, 3, 2, 2, 2, 1, 1, 1, 1, 1, 1, 1, 1
16, 14, 9, 6, 6, 5, 5, 4, 3, 3, 3, 3, 2, 1, 1, 1, 1, 1, 1, 1, 1, 1, 1, 1, 1, 1, 1
5, 5, 4, 3, 3, 2, 2, 2, 2, 1, 1, 1, 1, 1, 1, 1, 1, 1, 1
12, 5, 4, 4, 3, 2, 2, 1, 1, 1, 1
4, 1, 1, 1, 1, 1, 1
20, 6, 4, 3, 3, 2, 2, 1, 1, 1, 1, 1, 1, 1, 1, 1, 1, 1, 1, 1, 1, 1, 1, 1, 1, 1, 1, 1, 1, 1, 1, 1, 1, 1, 1, 1, 1, 1
13, 9, 4, 3, 2, 2, 2, 2, 2, 2, 2, 2, 1, 1, 1, 1, 1, 1, 1, 1, 1, 1, 1, 1, 1, 1, 1, 1
17, 9, 7, 5, 5, 3, 2, 2, 2, 2, 2, 2, 1, 1, 1, 1, 1, 1, 1, 1, 1, 1, 1, 1, 1, 1, 1, 1
54, 27, 24, 17, 9, 8, 3, 3, 3, 3, 2, 2, 2, 2, 1, 1, 1, 1, 1, 1, 1, 1, 1, 1, 1, 1, 1
205, 62, 15, 9, 7, 7, 6, 2, 2, 2, 1, 1, 1, 1, 1, 1, 1, 1, 1, 1, 1, 1, 1, 1
33, 31, 29, 8, 7, 6, 2, 2, 2, 1, 1, 1, 1, 1, 1, 1, 1, 1, 1, 1
60, 55, 24, 24, 15, 12, 10, 7, 5, 2, 1, 1, 1, 1
64, 37, 35, 21, 16, 15, 11, 7, 7, 3, 3, 2, 2, 1, 1, 1, 1, 1
88, 6, 3, 2, 1
9, 7, 5, 3, 2, 2, 2, 2, 2, 2, 1, 1, 1, 1, 1, 1, 1, 1, 1, 1, 1
11, 11, 7, 4, 4, 3, 3, 3, 3, 2, 2, 2, 1, 1, 1, 1, 1, 1, 1, 1, 1, 1, 1, 1, 1, 1, 1
16, 8, 6, 2, 2, 1, 1, 1, 1, 1, 1, 1, 1, 1, 1, 1, 1, 1, 1, 1, 1, 1
42, 36, 24, 16, 16, 5, 4, 3, 3, 2, 2, 1, 1, 1, 1, 1, 1, 1, 1, 1, 1, 1
71, 41, 31, 20, 11, 8, 5, 3, 3, 2, 2, 2, 1, 1, 1, 1, 1, 1, 1, 1, 1, 1, 1, 1
41, 28, 27, 12, 7, 4, 4, 4, 3, 3, 2, 1, 1, 1, 1, 1
61, 45, 39, 21, 16, 16, 3, 3, 1, 1, 1, 1
48, 36, 22, 20, 14, 8, 6, 6, 4, 4, 3, 2, 1, 1
34, 20, 12
3, 2, 1, 1, 1, 1, 1, 1, 1, 1
25, 2, 2, 1, 1, 1, 1, 1, 1
4, 3, 1, 1, 1, 1
19, 1, 1, 1, 1, 1, 1, 1, 1
57, 17, 10, 7, 7, 3, 1, 1, 1
35, 10, 8, 7, 2, 2, 1
35, 34, 33, 11, 1
16, 16, 8, 4, 2, 1, 1, 1
2, 1
6, 4, 2, 2, 2, 2, 1, 1, 1, 1, 1, 1, 1, 1
6, 5, 5, 2, 2, 1, 1, 1, 1, 1, 1, 1, 1, 1, 1, 1
3, 2, 1, 1, 1, 1, 1, 1, 1, 1
6, 6, 5, 4, 2, 1, 1, 1, 1, 1, 1, 1, 1
26, 19, 6, 3, 2, 1, 1, 1, 1, 1, 1
5, 4, 2, 2, 2, 1, 1, 1, 1, 1
4, 3, 3, 3, 2, 1
6, 1, 1, 1, 1
3, 2, 1
4, 3, 1, 1, 1, 1, 1, 1, 1, 1
2, 2, 1, 1, 1, 1, 1, 1, 1
2, 2, 2, 2, 2, 1, 1, 1, 1
6, 5, 5, 4, 1, 1, 1, 1, 1, 1
106, 1, 1, 1
23, 18, 12, 10, 9, 5
55, 38, 34, 32, 8, 6, 5, 1, 1
136, 1
58, 8, 1
7, 4, 3, 3, 2, 2, 1, 1, 1, 1, 1, 1, 1, 1, 1, 1, 1, 1
3, 3, 2, 1, 1, 1, 1, 1, 1, 1, 1, 1, 1
5, 2, 2, 1, 1, 1, 1, 1, 1, 1, 1, 1, 1
5, 3, 2, 2, 2, 1, 1, 1, 1, 1, 1, 1, 1, 1, 1, 1
11, 6, 3, 2, 2, 1, 1
3, 2, 1, 1, 1, 1, 1, 1, 1
1, 1, 1
3, 2, 2, 1, 1
3, 1, 1
5, 4, 3, 3, 2, 2, 2, 1, 1, 1, 1, 1, 1, 1, 1
4, 3, 2, 2, 1, 1, 1, 1, 1, 1, 1, 1, 1, 1
5, 5, 3, 2, 2, 2, 1, 1, 1, 1, 1, 1, 1, 1, 1, 1, 1
9, 5, 2, 2, 1, 1, 1, 1, 1, 1, 1, 1, 1, 1, 1
8, 4, 4, 4, 2, 2, 2, 1
13, 3, 2, 1, 1
8, 4, 3, 3, 3, 2, 1, 1, 1, 1, 1, 1
3, 2, 2, 2, 1, 1, 1
3, 3, 1, 1
16, 7, 6, 5, 3, 3, 3, 2, 2, 1, 1, 1, 1, 1, 1, 1, 1, 1, 1, 1, 1, 1, 1, 1, 1, 1, 1, 1, 1, 1, 1, 1, 1, 1, 1, 1
48, 7, 6, 5, 4, 3, 3, 2, 2, 2, 2, 1, 1, 1, 1, 1, 1, 1, 1, 1, 1, 1, 1, 1, 1, 1, 1, 1, 1, 1, 1, 1, 1
47, 12, 4, 3, 2, 2, 2, 2, 2, 2, 1, 1, 1, 1, 1, 1, 1, 1, 1, 1, 1, 1, 1, 1, 1, 1, 1, 1, 1, 1, 1
122, 23, 18, 16, 8, 7, 6, 6, 3, 3, 2, 2, 2, 2, 2, 2, 1, 1, 1, 1, 1, 1, 1, 1, 1, 1, 1, 1, 1, 1, 1, 1, 1
27, 5, 5, 4, 3, 2, 2, 2, 2, 1, 1, 1, 1, 1, 1, 1, 1, 1
107, 29, 9, 8, 7, 7, 4, 2, 2, 1, 1, 1, 1, 1, 1, 1
161, 32, 20, 17, 17, 8, 7, 6, 3, 2, 2, 2, 1, 1, 1, 1, 1, 1, 1
67, 5, 3, 3, 2, 2, 1, 1
62, 4, 3, 2
2, 2, 1, 1, 1, 1, 1, 1, 1, 1, 1
10, 2, 2, 1, 1, 1, 1, 1, 1, 1, 1, 1, 1, 1, 1
2, 2, 1, 1, 1, 1, 1, 1, 1
61, 29, 4, 3, 1, 1, 1
28, 2, 1, 1, 1
62, 43, 28, 22, 14, 10, 7, 3, 1, 1, 1, 1
97, 68, 14, 13, 5, 2, 1, 1
101, 60, 7, 7, 1, 1
51, 33, 8, 3
5, 2, 2, 1, 1, 1, 1, 1, 1, 1, 1, 1, 1, 1, 1, 1, 1, 1, 1
8, 3, 2, 2, 2, 2, 2, 1, 1, 1, 1, 1, 1, 1, 1, 1, 1, 1
10, 4, 2, 2, 2, 2, 1, 1, 1, 1, 1, 1, 1, 1, 1, 1, 1, 1
8, 6, 4, 3, 2, 2, 1, 1, 1, 1, 1
25, 11, 3, 2, 2, 2, 1, 1, 1, 1, 1, 1, 1, 1
7, 6, 4, 3, 2, 1, 1, 1, 1
21, 6, 2, 1, 1, 1
12, 7, 5, 3, 3, 2, 1
6, 4, 1
21, 12, 6, 5, 5, 4, 4, 3, 3, 2, 2, 2, 2, 2, 2, 2, 1, 1, 1, 1, 1, 1, 1, 1, 1, 1, 1, 1, 1, 1, 1, 1, 1
22, 8, 5, 3, 3, 3, 3, 2, 2, 2, 2, 2, 1, 1, 1, 1, 1, 1, 1, 1, 1, 1, 1, 1, 1, 1, 1, 1, 1, 1, 1, 1, 1
11, 10, 7, 4, 4, 4, 3, 3, 2, 2, 2, 2, 1, 1, 1, 1, 1, 1, 1, 1, 1, 1, 1, 1, 1, 1, 1, 1, 1
21, 16, 12, 10, 5, 5, 5, 4, 4, 3, 3, 3, 2, 2, 1, 1, 1, 1, 1, 1, 1, 1
39, 19, 16, 8, 5, 4, 4, 4, 3, 1, 1, 1
49, 13, 11, 4, 4, 3, 3, 3, 2, 2, 2, 1, 1, 1, 1, 1, 1, 1, 1
21, 15, 12, 12, 6, 6, 5, 5, 4, 4, 2, 2, 1, 1, 1, 1, 1, 1
16, 4, 3, 3, 2, 2, 1, 1, 1
11, 4, 2, 2, 2, 1
18, 7, 6, 4, 4, 2, 2, 2, 2, 2, 1, 1, 1, 1, 1, 1, 1, 1, 1, 1, 1, 1, 1, 1, 1, 1, 1, 1, 1, 1, 1
13, 7, 4, 3, 3, 3, 3, 2, 2, 2, 1, 1, 1, 1, 1, 1, 1, 1, 1, 1, 1, 1, 1, 1, 1, 1, 1, 1, 1, 1, 1, 1, 1, 1, 1, 1, 1
12, 8, 7, 5, 3, 3, 2, 2, 2, 2, 2, 2, 1, 1, 1, 1, 1, 1, 1, 1, 1, 1, 1, 1, 1, 1, 1, 1, 1, 1
13, 12, 11, 8, 8, 4, 3, 3, 3, 2, 2, 2, 2, 2, 1, 1, 1, 1, 1, 1, 1, 1, 1, 1, 1, 1
107, 69, 54, 44, 14, 13, 9, 6, 5, 5, 5, 4, 4, 3, 2, 2, 1, 1, 1, 1, 1, 1, 1, 1, 1, 1
93, 28, 28, 22, 13, 2, 2, 1, 1, 1, 1, 1
77, 52, 45, 29, 10, 8, 8, 5, 2, 1
54, 46, 33, 29, 24, 24, 20, 16, 16, 15, 15, 14, 9, 9, 8, 8, 6, 4, 4, 3, 2, 1, 1
137, 63, 36, 22, 21, 20, 19, 6, 2, 1, 1, 1, 1, 1, 1, 1
4, 2, 2, 2, 1, 1, 1, 1, 1, 1, 1, 1, 1, 1, 1, 1, 1, 1, 1, 1, 1
8, 3, 3, 1, 1, 1, 1, 1, 1, 1, 1, 1, 1, 1
3, 3, 2, 2, 2, 2, 1, 1, 1, 1, 1, 1, 1, 1, 1
10, 3, 2, 2, 2, 2, 2, 2, 1, 1, 1, 1, 1, 1
12, 8, 6, 2, 2, 1, 1, 1, 1, 1
6, 3, 3, 1, 1, 1, 1, 1, 1
1, 1, 1, 1
14, 1, 1, 1, 1, 1, 1, 1, 1
1, 1
13, 11, 7, 6, 5, 2, 2, 2, 2, 1, 1, 1, 1, 1, 1, 1, 1, 1, 1, 1, 1, 1, 1, 1, 1, 1, 1, 1
28, 5, 3, 3, 2, 2, 2, 2, 2, 1, 1, 1, 1, 1, 1, 1, 1, 1, 1, 1, 1, 1, 1, 1, 1, 1
47, 8, 4, 3, 3, 3, 2, 2, 2, 2, 2, 1, 1, 1, 1, 1, 1, 1, 1, 1, 1, 1, 1
63, 29, 3, 2, 2, 2, 2, 2, 2, 2, 1, 1, 1, 1, 1, 1, 1, 1
110, 14, 8, 5, 5, 5, 4, 3, 2, 2, 1, 1, 1, 1
92, 15, 8, 6, 4, 2, 2, 1, 1, 1, 1, 1, 1, 1, 1, 1, 1, 1, 1
46, 35, 20, 17, 14, 5, 1, 1, 1, 1, 1, 1, 1, 1, 1
162, 69, 28, 12, 9, 8, 6, 6, 4, 2, 1
81, 58, 12, 11, 9, 9, 8, 1, 1, 1, 1
11, 3, 2, 1, 1, 1, 1, 1, 1, 1, 1, 1, 1, 1, 1, 1, 1, 1
9, 4, 2, 2, 2, 2, 1, 1, 1, 1, 1, 1, 1, 1, 1
25, 9, 7, 6, 5, 3, 2, 1, 1, 1, 1, 1, 1, 1, 1, 1, 1, 1
51, 35, 15, 5, 3, 2, 1, 1, 1, 1
47, 14, 11, 10, 10, 4, 1, 1
202, 37, 34, 2, 1, 1, 1, 1
68, 43, 1, 1, 1, 1, 1, 1
108, 28, 16, 15, 3, 2, 1
63, 12, 2, 1
20, 7, 4, 3, 2, 2, 2, 2, 2, 2, 2, 1, 1, 1, 1, 1, 1, 1, 1, 1, 1, 1, 1, 1, 1, 1, 1, 1, 1, 1, 1, 1, 1
11, 9, 7, 7, 5, 3, 2, 2, 1, 1, 1, 1, 1, 1, 1, 1, 1, 1, 1, 1, 1, 1, 1, 1
22, 18, 11, 7, 6, 5, 5, 2, 2, 2, 2, 2, 1, 1, 1, 1, 1, 1, 1, 1, 1, 1, 1
42, 19, 7, 5, 5, 2, 2, 2, 2, 1, 1, 1, 1, 1, 1, 1, 1, 1, 1, 1, 1, 1, 1, 1, 1
81, 46, 40, 34, 25, 18, 15, 8, 8, 7, 6, 4, 3, 3, 3, 2, 1, 1, 1, 1, 1, 1
117, 18, 14, 12, 12, 9, 9, 8, 8, 7, 4, 3, 3, 2, 1, 1, 1
66, 54, 20, 9, 9, 9, 7, 7, 5, 3, 3, 3, 2, 1, 1, 1, 1, 1, 1, 1, 1
95, 81, 53, 25, 24, 23, 14, 7, 5, 4, 4, 4, 3, 1, 1
61, 58, 26, 24, 19, 18, 11, 11, 11, 9, 6, 5, 2, 2, 1
2, 2, 2, 1, 1, 1, 1, 1, 1, 1, 1, 1
2, 2, 2, 1, 1, 1, 1, 1, 1
4, 1, 1, 1, 1, 1
10, 6, 2, 2, 1, 1, 1, 1
6, 2, 2, 1, 1, 1, 1
32, 19, 16, 8, 6, 4
19, 11, 9, 8, 5
83, 20, 17, 8
7, 4
5, 5, 5, 2, 2, 2, 1, 1, 1, 1, 1, 1, 1, 1, 1, 1, 1, 1
7, 2, 1, 1, 1, 1, 1, 1, 1, 1, 1, 1
4, 2, 2, 1, 1, 1, 1, 1, 1, 1
22, 8, 4, 2, 2, 1, 1, 1, 1, 1, 1, 1
29, 24, 16, 13, 10, 7, 6, 6, 5, 2, 2, 1, 1, 1, 1
21, 20, 18, 17, 17, 12, 4, 3, 2, 1
34, 13, 11, 8, 3, 1, 1, 1, 1, 1
11, 8, 7, 3, 1
21, 18, 4, 2, 2, 1, 1
24, 13, 11, 7, 3, 3, 3, 3, 3, 3, 2, 2, 2, 2, 2, 1, 1, 1, 1, 1, 1, 1, 1, 1, 1, 1, 1, 1, 1, 1, 1, 1, 1, 1, 1, 1, 1, 1, 1, 1
18, 17, 12, 8, 6, 6, 5, 5, 5, 4, 3, 2, 2, 2, 2, 2, 2, 2, 2, 2, 2, 2, 2, 2, 1, 1, 1, 1, 1, 1, 1, 1, 1, 1, 1, 1, 1, 1, 1, 1, 1, 1, 1, 1, 1, 1, 1, 1, 1, 1, 1, 1, 1, 1, 1, 1, 1
17, 7, 5, 4, 2, 2, 2, 2, 2, 2, 2, 2, 2, 2, 1, 1, 1, 1, 1, 1, 1, 1, 1, 1, 1, 1, 1, 1, 1, 1, 1, 1, 1, 1, 1, 1, 1, 1, 1, 1, 1
9, 7, 6, 5, 3, 3, 3, 2, 2, 2, 2, 2, 2, 2, 1, 1, 1, 1, 1, 1, 1, 1, 1, 1, 1, 1, 1, 1, 1, 1, 1
29, 17, 8, 8, 7, 2, 2, 2, 2, 1, 1, 1, 1, 1, 1, 1, 1, 1, 1, 1, 1, 1, 1, 1
14, 13, 5, 5, 5, 3, 3, 3, 2, 2, 1, 1, 1, 1, 1, 1, 1, 1, 1, 1
11, 8, 7, 7, 2, 2, 2, 2, 1, 1, 1, 1, 1, 1, 1, 1
8, 7, 4, 3, 2, 2, 1, 1, 1, 1
3, 2, 1, 1, 1, 1
12, 6, 5, 2, 2, 2, 1, 1, 1, 1, 1, 1, 1, 1, 1, 1, 1, 1, 1, 1, 1, 1, 1, 1
12, 6, 4, 3, 3, 3, 2, 2, 2, 1, 1, 1, 1, 1
17, 16, 11, 9, 8, 4, 3, 3, 2, 1, 1, 1, 1, 1, 1, 1, 1, 1, 1, 1, 1
71, 47, 36, 26, 18, 6, 5, 4, 2, 2, 2, 2, 2, 2, 2, 1, 1, 1, 1, 1, 1, 1, 1, 1, 1
48, 33, 16, 15, 9, 6, 1, 1, 1, 1, 1
164, 153, 104, 81, 23, 14, 4, 2, 1, 1, 1, 1
65, 59, 39, 35, 26, 26, 22, 13, 11, 6, 5, 3, 1, 1
44, 42, 35, 25, 13, 8, 6, 3, 2, 2, 1
49, 13, 9, 9, 3, 3, 2, 1, 1
10, 10, 6, 3, 2, 2, 2, 2, 1, 1, 1, 1, 1, 1, 1, 1, 1, 1, 1, 1, 1, 1, 1, 1, 1, 1, 1, 1, 1, 1, 1
16, 14, 6, 5, 3, 3, 3, 2, 2, 2, 2, 2, 2, 1, 1, 1, 1, 1, 1, 1, 1, 1, 1, 1, 1, 1, 1, 1, 1, 1, 1, 1, 1, 1, 1
11, 7, 4, 3, 3, 2, 2, 1, 1, 1, 1, 1, 1, 1, 1, 1, 1, 1, 1, 1, 1, 1, 1, 1
11, 3, 2, 2, 2, 2, 2, 2, 1, 1, 1, 1, 1, 1, 1, 1, 1, 1, 1, 1, 1, 1, 1
7, 6, 5, 3, 2, 2, 1, 1, 1, 1, 1, 1, 1, 1, 1
3, 2, 1, 1, 1, 1, 1
9, 3, 2, 2, 1, 1, 1, 1, 1, 1, 1
1, 1, 1, 1
2, 1, 1
16, 10, 9, 6, 5, 4, 2, 2, 2, 2, 2, 2, 2, 2, 2, 2, 1, 1, 1, 1, 1, 1, 1, 1, 1, 1, 1, 1, 1, 1, 1, 1, 1, 1, 1, 1, 1, 1
15, 9, 7, 4, 4, 3, 3, 3, 3, 2, 2, 2, 2, 2, 2, 2, 1, 1, 1, 1, 1, 1, 1, 1, 1, 1, 1, 1, 1, 1, 1, 1, 1, 1, 1, 1, 1, 1, 1, 1, 1
29, 8, 4, 4, 3, 3, 3, 2, 2, 2, 2, 2, 2, 2, 2, 2, 2, 1, 1, 1, 1, 1, 1, 1, 1, 1, 1, 1, 1, 1, 1, 1, 1, 1, 1
67, 14, 9, 7, 6, 5, 4, 4, 4, 3, 3, 2, 2, 2, 2, 1, 1, 1, 1, 1, 1, 1, 1, 1, 1, 1, 1, 1, 1, 1, 1, 1, 1, 1, 1
41, 12, 5, 3, 2, 2, 2, 2, 1, 1, 1, 1, 1, 1, 1, 1, 1, 1, 1, 1
20, 2, 1, 1, 1, 1, 1, 1
36, 7, 6, 4, 3, 3, 2, 1, 1, 1, 1, 1, 1, 1
42, 3, 2, 1, 1, 1, 1, 1
10, 3, 1, 1, 1, 1, 1, 1, 1
21, 7, 5, 4, 4, 2, 2, 2, 2, 2, 2, 2, 1, 1, 1, 1, 1, 1, 1, 1, 1, 1, 1, 1, 1, 1, 1, 1, 1, 1, 1, 1, 1
13, 9, 8, 6, 4, 3, 3, 2, 2, 2, 1, 1, 1, 1, 1, 1, 1, 1, 1, 1, 1, 1, 1, 1, 1, 1, 1, 1, 1, 1
14, 8, 5, 3, 3, 3, 3, 2, 2, 2, 2, 1, 1, 1, 1, 1, 1, 1, 1, 1, 1, 1, 1, 1, 1, 1, 1, 1
42, 24, 19, 11, 10, 8, 4, 3, 3, 3, 2, 2, 2, 2, 2, 2, 2, 1, 1, 1, 1, 1
43, 30, 12, 6, 4, 3, 3, 3, 2, 2, 2, 1, 1, 1, 1, 1, 1, 1, 1, 1, 1, 1
124, 45, 34, 15, 12, 11, 8, 6, 3, 3, 2, 2, 1, 1, 1, 1, 1
51, 30, 11, 11, 9, 8, 8, 7, 6, 6, 5, 3, 2, 1, 1, 1, 1, 1
49, 26, 25, 12, 2, 1, 1, 1, 1, 1, 1, 1, 1, 1
20, 9, 4, 3, 3, 2, 1
19, 18, 8, 4, 3, 3, 3, 3, 3, 2, 2, 2, 2, 2, 2, 2, 2, 1, 1, 1, 1, 1, 1, 1, 1, 1, 1, 1, 1, 1, 1, 1, 1, 1, 1, 1, 1, 1, 1, 1, 1, 1, 1, 1, 1, 1, 1, 1, 1
10, 5, 5, 5, 4, 3, 3, 2, 2, 2, 2, 1, 1, 1, 1, 1, 1, 1, 1, 1, 1, 1, 1, 1, 1, 1, 1, 1, 1, 1, 1, 1
21, 9, 9, 6, 5, 4, 3, 3, 3, 3, 3, 2, 2, 2, 2, 1, 1, 1, 1, 1, 1, 1, 1, 1, 1, 1, 1, 1, 1, 1, 1, 1, 1, 1, 1, 1
9, 7, 6, 5, 4, 4, 4, 3, 3, 2, 2, 2, 1, 1, 1, 1, 1, 1, 1, 1, 1, 1, 1, 1, 1, 1
28, 16, 13, 11, 11, 8, 7, 6, 4, 4, 3, 3, 3, 2, 2, 2, 2, 1, 1, 1, 1, 1, 1, 1, 1, 1, 1, 1, 1, 1, 1, 1, 1, 1
30, 26, 18, 16, 13, 10, 8, 6, 6, 5, 4, 4, 3, 2, 2, 2, 1, 1, 1, 1, 1, 1, 1, 1, 1, 1
38, 29, 23, 12, 11, 9, 6, 6, 4, 4, 3, 2, 2, 1, 1, 1, 1, 1, 1, 1, 1
52, 43, 17, 12, 10, 5, 5, 4, 3, 3, 2, 2, 2, 2, 1, 1, 1, 1, 1
32, 20, 13, 10, 4, 2, 2, 2, 2, 1, 1, 1, 1
12, 8, 6, 5, 5, 4, 4, 4, 2, 2, 2, 2, 1, 1, 1, 1, 1, 1, 1, 1, 1, 1, 1, 1, 1, 1, 1, 1
8, 8, 4, 3, 3, 2, 2, 2, 2, 2, 1, 1, 1, 1, 1, 1, 1, 1, 1, 1, 1, 1, 1, 1, 1
9, 5, 2, 2, 1, 1, 1, 1, 1, 1, 1, 1, 1, 1, 1, 1, 1, 1, 1, 1
32, 27, 20, 15, 10, 8, 5, 4, 3, 2, 2, 1, 1, 1, 1, 1, 1, 1, 1
41, 26, 26, 12, 8, 5, 1, 1, 1, 1
84, 47, 46, 44, 41, 35, 30, 22, 20, 13, 9, 8, 3, 2, 1, 1, 1, 1, 1
119, 51, 31, 23, 8, 4, 4, 4, 1, 1
57, 39, 30, 28, 26, 20, 15, 12, 9, 7, 3
12, 8, 7
10, 6, 4, 2, 2, 2, 2, 2, 1, 1, 1, 1, 1, 1, 1, 1, 1, 1, 1, 1, 1, 1, 1
9, 6, 2, 1, 1, 1, 1, 1, 1, 1, 1, 1, 1, 1, 1, 1, 1, 1
8, 7, 6, 4, 4, 3, 3, 1, 1, 1, 1, 1, 1, 1, 1, 1, 1
15, 13, 12, 8, 8, 4, 4, 3, 2, 2, 1, 1, 1, 1, 1, 1, 1
49, 14, 7, 6, 6, 2, 1, 1, 1, 1, 1, 1, 1, 1, 1
44, 17, 14, 9, 9, 7, 4, 3, 3, 2, 1, 1, 1, 1, 1, 1, 1, 1
32, 21, 10, 9, 4, 2, 2, 1, 1, 1, 1
9, 3, 2, 1
14, 12, 6, 5, 4, 2, 1, 1
9, 4, 4, 3, 2, 2, 1, 1, 1, 1, 1, 1, 1, 1, 1, 1, 1, 1, 1, 1, 1, 1, 1, 1
7, 6, 5, 3, 2, 2, 2, 1, 1, 1, 1, 1, 1, 1, 1, 1, 1, 1, 1
10, 8, 4, 3, 2, 2, 2, 2, 1, 1, 1, 1, 1, 1, 1, 1, 1, 1, 1, 1, 1, 1, 1, 1, 1, 1
10, 4, 3, 3, 2, 1, 1, 1, 1, 1, 1, 1, 1, 1, 1, 1, 1, 1
12, 5, 3, 2, 2, 2, 2, 2, 1, 1, 1, 1, 1, 1, 1, 1
60, 9, 7, 6, 5, 5, 4, 2, 2, 1, 1, 1, 1
29, 18, 12, 11, 8, 5, 4, 3, 3, 3, 2, 2, 2, 1, 1, 1, 1, 1, 1
12, 5, 4, 2, 1, 1, 1, 1, 1
8, 5, 2, 2, 1, 1, 1, 1
22, 16, 9, 5, 4, 4, 4, 4, 3, 3, 3, 2, 1, 1, 1, 1, 1, 1, 1, 1, 1, 1, 1, 1, 1, 1, 1, 1, 1, 1, 1, 1, 1, 1, 1, 1, 1
15, 9, 6, 5, 3, 3, 2, 2, 2, 2, 2, 2, 1, 1, 1, 1, 1, 1, 1, 1, 1, 1, 1, 1, 1, 1, 1, 1, 1, 1, 1, 1, 1, 1, 1, 1, 1
28, 19, 15, 14, 10, 8, 4, 3, 3, 3, 3, 3, 2, 2, 2, 2, 1, 1, 1, 1, 1, 1, 1, 1, 1, 1, 1, 1, 1, 1, 1, 1, 1, 1, 1, 1, 1, 1, 1
45, 44, 37, 23, 20, 16, 6, 6, 6, 4, 4, 4, 3, 2, 2, 1, 1, 1, 1, 1, 1, 1, 1, 1, 1, 1, 1, 1, 1, 1
47, 43, 28, 22, 22, 21, 20, 8, 6, 5, 4, 2, 2, 2, 1, 1, 1, 1, 1, 1, 1, 1, 1, 1, 1, 1
58, 50, 35, 30, 21, 17, 8, 7, 5, 4, 3, 2, 1, 1, 1, 1, 1, 1
66, 58, 33, 26, 23, 23, 18, 18, 18, 12, 9, 7, 6, 4, 3, 2, 2, 2, 2, 1, 1, 1, 1, 1, 1, 1
30, 29, 25, 15, 11, 10, 10, 9, 7, 6, 4, 4, 2
51, 37, 36, 24, 21, 20, 20, 18, 17, 13, 12, 10, 1, 1
28, 14, 10, 5, 4, 4, 3, 3, 3, 3, 2, 1, 1, 1, 1, 1, 1, 1, 1, 1, 1, 1, 1, 1, 1, 1, 1, 1, 1, 1, 1, 1, 1, 1, 1, 1, 1, 1, 1, 1
17, 12, 10, 6, 6, 5, 4, 4, 4, 4, 4, 3, 3, 2, 2, 2, 2, 2, 1, 1, 1, 1, 1, 1, 1, 1, 1, 1, 1, 1, 1, 1, 1, 1, 1, 1, 1, 1, 1
26, 15, 8, 7, 7, 6, 4, 4, 4, 3, 3, 2, 2, 2, 2, 2, 2, 2, 2, 2, 1, 1, 1, 1, 1, 1, 1, 1, 1, 1, 1, 1, 1, 1, 1, 1, 1, 1, 1, 1
60, 33, 29, 20, 17, 16, 14, 10, 9, 7, 6, 4, 3, 3, 2, 2, 2, 2, 1, 1, 1, 1, 1, 1, 1, 1, 1, 1, 1, 1, 1, 1
84, 56, 46, 46, 22, 17, 16, 12, 9, 6, 6, 6, 5, 5, 5, 4, 4, 4, 3, 2, 2, 2, 1, 1, 1, 1, 1, 1, 1, 1, 1, 1
118, 64, 63, 30, 19, 17, 14, 13, 8, 6, 4, 3, 2, 2, 1, 1, 1, 1, 1, 1, 1, 1, 1, 1, 1
57, 32, 20, 19, 16, 12, 12, 11, 11, 6, 5, 4, 4, 4, 3, 3, 2, 1, 1
92, 57, 54, 54, 28, 21, 21, 17, 17, 4, 4, 3, 3, 2, 1, 1, 1, 1, 1
99, 94, 65, 44, 37, 30, 16, 11, 11, 7, 4, 1
32, 16, 11, 7, 6, 5, 4, 3, 3, 3, 3, 2, 2, 2, 2, 2, 2, 2, 1, 1, 1, 1, 1, 1, 1, 1, 1, 1, 1, 1, 1, 1, 1, 1, 1, 1, 1, 1, 1, 1, 1, 1, 1, 1, 1, 1, 1, 1, 1, 1
30, 12, 7, 7, 6, 5, 4, 4, 3, 2, 2, 2, 2, 2, 2, 2, 2, 1, 1, 1, 1, 1, 1, 1, 1, 1, 1, 1, 1, 1, 1, 1, 1, 1, 1, 1, 1, 1, 1, 1, 1, 1
20, 9, 8, 4, 4, 4, 4, 3, 3, 2, 2, 2, 1, 1, 1, 1, 1, 1, 1, 1, 1, 1, 1, 1, 1, 1, 1, 1, 1, 1, 1, 1
89, 12, 11, 10, 10, 9, 8, 5, 4, 3, 3, 2, 2, 2, 2, 2, 2, 1, 1, 1, 1, 1, 1, 1, 1, 1, 1, 1, 1, 1, 1, 1, 1, 1, 1
75, 53, 17, 12, 10, 7, 7, 6, 5, 4, 3, 3, 2, 2, 2, 2, 1, 1, 1, 1, 1, 1, 1, 1, 1, 1, 1, 1, 1, 1, 1, 1, 1, 1
40, 38, 29, 15, 15, 8, 8, 7, 7, 5, 4, 3, 3, 2, 2, 2, 2, 1, 1, 1, 1, 1
20, 19, 17, 14, 13, 5, 5, 4, 4, 3, 3, 3, 3, 2, 2, 2, 1, 1, 1, 1, 1
34, 28, 13, 9, 7, 7, 6, 5, 4, 4, 4, 3, 3, 2, 2, 2, 1, 1, 1, 1, 1, 1, 1, 1, 1
17, 16, 15, 14, 11, 3, 2, 2, 1
7, 6, 3, 3, 2, 2, 1, 1, 1, 1, 1, 1, 1, 1, 1, 1, 1, 1, 1, 1, 1
12, 6, 4, 4, 1, 1, 1, 1, 1, 1, 1, 1, 1, 1, 1, 1, 1, 1, 1, 1
6, 4, 3, 2, 2, 2, 1, 1, 1, 1, 1, 1, 1, 1, 1, 1, 1, 1
5, 3, 2, 2, 1, 1, 1, 1, 1, 1, 1, 1, 1, 1
7, 5, 5, 3, 3, 2, 2, 2, 2, 2, 1, 1, 1
4, 3, 2, 2, 2, 1, 1, 1, 1, 1
7, 5, 4, 4, 1, 1, 1, 1, 1
1, 1, 1, 1
6, 1, 1, 1
18, 9, 7, 3, 3, 3, 3, 3, 2, 2, 2, 2, 2, 2, 2, 2, 2, 2, 1, 1, 1, 1, 1, 1, 1, 1, 1, 1, 1, 1, 1, 1
20, 7, 4, 4, 3, 2, 2, 2, 1, 1, 1, 1, 1, 1, 1, 1, 1, 1, 1, 1, 1, 1, 1, 1
9, 7, 4, 4, 3, 2, 2, 2, 2, 1, 1, 1, 1, 1, 1, 1, 1, 1, 1, 1, 1, 1, 1, 1, 1, 1, 1, 1, 1, 1, 1, 1, 1, 1, 1
56, 23, 21, 10, 8, 5, 5, 4, 4, 3, 3, 2, 2, 1, 1, 1, 1, 1, 1, 1, 1, 1, 1, 1, 1, 1, 1, 1, 1, 1
84, 28, 28, 24, 18, 16, 13, 11, 7, 6, 4, 3, 3, 2, 1, 1, 1, 1, 1, 1, 1
40, 13, 12, 8, 7, 6, 5, 4, 3, 3, 2, 2, 1, 1, 1, 1, 1, 1, 1, 1, 1, 1, 1
58, 57, 30, 10, 8, 5, 4, 3, 3, 3, 2, 1, 1, 1, 1, 1, 1, 1
19, 11, 9, 8, 8, 3, 2, 2, 1, 1
16, 14, 7, 5, 3, 1, 1, 1
5, 4, 2, 1, 1, 1, 1, 1, 1, 1
6, 2, 1, 1, 1, 1
4, 4, 1, 1, 1, 1, 1, 1, 1
3, 2, 1, 1, 1
3, 2, 1, 1
11, 6, 4, 2, 2, 1, 1
38, 9, 6, 1
3, 1, 1
1,
34, 13, 7, 6, 5, 4, 4, 3, 3, 3, 2, 2, 2, 2, 2, 2, 2, 1, 1, 1, 1, 1, 1, 1, 1, 1, 1, 1, 1, 1, 1, 1, 1, 1, 1
17, 10, 8, 7, 6, 6, 6, 6, 5, 5, 4, 3, 3, 3, 3, 3, 2, 2, 2, 2, 2, 2, 1, 1, 1, 1, 1, 1, 1, 1, 1, 1, 1, 1, 1, 1, 1, 1, 1, 1, 1, 1, 1, 1, 1
19, 19, 11, 5, 3, 3, 3, 3, 3, 2, 2, 2, 2, 2, 2, 1, 1, 1, 1, 1, 1, 1, 1, 1, 1, 1, 1, 1, 1, 1, 1, 1, 1, 1, 1, 1, 1, 1, 1, 1, 1, 1, 1, 1
16, 15, 8, 7, 7, 5, 3, 3, 3, 3, 3, 2, 2, 2, 2, 2, 2, 2, 2, 2, 1, 1, 1, 1, 1, 1, 1, 1, 1, 1, 1, 1, 1, 1, 1, 1
25, 20, 10, 9, 8, 6, 6, 6, 5, 3, 2, 2, 2, 2, 2, 2, 2, 1, 1, 1
15, 11, 7, 5, 5, 5, 4, 4, 3, 2, 2, 2, 2, 1, 1, 1, 1, 1, 1, 1, 1, 1, 1, 1
14, 14, 6, 6, 6, 6, 4, 3, 3, 2, 2, 1, 1, 1, 1
22, 18, 7, 5, 5, 4, 4, 4, 3, 2, 2, 2, 1, 1, 1, 1, 1, 1
4, 2, 2, 2, 2, 1, 1, 1
9, 5, 5, 2, 2, 2, 1, 1, 1, 1, 1, 1, 1, 1, 1, 1, 1, 1, 1
15, 4, 3, 3, 2, 2, 2, 1, 1, 1, 1, 1, 1, 1, 1, 1, 1, 1, 1
4, 4, 3, 3, 3, 2, 2, 1, 1, 1, 1, 1, 1, 1, 1, 1, 1, 1
4, 3, 3, 2, 2, 2, 1, 1, 1, 1, 1, 1, 1, 1, 1, 1, 1
4, 3, 3, 2, 2, 2, 1, 1, 1, 1, 1, 1
3, 2, 1, 1
4, 3, 1, 1, 1, 1
1, 1, 1
1,
31, 13, 11, 7, 7, 5, 4, 3, 3, 3, 3, 2, 2, 2, 2, 2, 2, 1, 1, 1, 1, 1, 1, 1, 1, 1, 1, 1, 1, 1, 1, 1, 1, 1, 1, 1, 1, 1, 1, 1, 1, 1, 1, 1, 1
34, 15, 11, 10, 9, 7, 5, 5, 3, 3, 3, 3, 3, 3, 2, 2, 2, 2, 2, 2, 1, 1, 1, 1, 1, 1, 1, 1, 1, 1, 1, 1, 1, 1, 1, 1, 1, 1, 1, 1, 1, 1, 1, 1
10, 6, 5, 4, 3, 3, 3, 3, 2, 2, 2, 2, 2, 2, 1, 1, 1, 1, 1, 1, 1, 1, 1, 1, 1, 1, 1, 1, 1, 1, 1, 1, 1
22, 15, 12, 10, 6, 5, 5, 2, 2, 2, 2, 1, 1, 1, 1, 1, 1, 1, 1, 1, 1, 1, 1, 1
29, 11, 10, 9, 7, 4, 4, 4, 4, 3, 2, 2, 2, 2, 1, 1, 1, 1, 1, 1, 1, 1, 1
19, 8, 8, 8, 4, 4, 3, 2, 2, 1, 1, 1, 1, 1, 1, 1, 1, 1
25, 18, 12, 6, 4, 4, 1, 1, 1, 1, 1, 1, 1, 1, 1
4, 3, 2, 1, 1, 1, 1, 1, 1, 1, 1
13, 4, 3, 1, 1, 1
27, 12, 8, 6, 6, 5, 5, 4, 4, 3, 3, 2, 2, 2, 2, 2, 2, 1, 1, 1, 1, 1, 1, 1, 1, 1, 1, 1, 1, 1, 1, 1, 1, 1, 1, 1, 1, 1, 1, 1, 1, 1, 1
20, 15, 11, 7, 5, 4, 4, 4, 3, 3, 3, 3, 2, 2, 2, 2, 2, 2, 2, 2, 2, 2, 2, 2, 1, 1, 1, 1, 1, 1, 1, 1, 1, 1, 1, 1, 1, 1, 1, 1, 1, 1, 1, 1, 1, 1, 1
37, 15, 6, 6, 6, 5, 4, 4, 4, 4, 3, 3, 2, 2, 2, 2, 1, 1, 1, 1, 1, 1, 1, 1, 1, 1, 1, 1, 1, 1, 1, 1, 1, 1, 1, 1, 1, 1
74, 30, 19, 9, 8, 6, 6, 3, 3, 3, 3, 3, 3, 2, 2, 2, 2, 1, 1, 1, 1, 1, 1, 1, 1, 1, 1, 1, 1, 1, 1, 1, 1, 1, 1, 1, 1, 1
100, 61, 31, 24, 15, 12, 11, 8, 7, 6, 5, 5, 4, 4, 4, 4, 4, 2, 2, 1, 1, 1, 1, 1, 1, 1, 1, 1, 1, 1
60, 27, 9, 7, 6, 5, 3, 3, 3, 2, 2, 2, 2, 2, 2, 2, 1, 1, 1, 1, 1, 1, 1, 1, 1, 1, 1, 1, 1, 1, 1, 1, 1, 1, 1
34, 23, 17, 13, 13, 13, 10, 9, 9, 8, 6, 6, 5, 4, 4, 3, 3, 2, 2, 2, 1, 1, 1, 1, 1, 1, 1, 1, 1, 1, 1, 1
28, 26, 23, 21, 9, 9, 4, 4, 4, 3, 3, 2, 2, 1, 1, 1, 1, 1, 1, 1, 1, 1, 1, 1
23, 10, 3, 3, 3, 1, 1, 1, 1, 1, 1, 1, 1
3, 2, 2, 1, 1, 1, 1, 1, 1, 1
3, 2, 1, 1, 1, 1, 1, 1
3, 2, 2, 1, 1, 1, 1, 1
1, 1, 1, 1, 1, 1, 1, 1, 1
80, 13, 2, 1, 1
29, 11, 8, 4, 2, 1, 1
20, 6, 2, 1
14, 8, 1
5,
3, 1, 1, 1, 1, 1, 1, 1, 1, 1
4, 1, 1, 1, 1, 1, 1, 1
3, 3, 2, 1, 1
2, 1, 1, 1, 1, 1
2, 1, 1, 1, 1, 1
36, 12, 4, 3, 2, 1
1, 1, 1, 1
1,
9, 3, 2
23, 11, 4, 4, 4, 3, 3, 3, 2, 2, 2, 2, 1, 1, 1, 1, 1, 1, 1, 1, 1, 1, 1, 1, 1, 1, 1, 1, 1, 1, 1, 1, 1, 1
17, 9, 4, 3, 2, 2, 2, 2, 2, 2, 1, 1, 1, 1, 1, 1, 1, 1, 1, 1, 1, 1, 1, 1, 1, 1, 1, 1, 1, 1
19, 7, 5, 4, 3, 3, 2, 2, 2, 2, 2, 1, 1, 1, 1, 1, 1, 1, 1, 1, 1, 1, 1, 1, 1
12, 4, 4, 3, 2, 2, 2, 2, 2, 1, 1, 1
20, 11, 7, 2, 2, 2, 2, 2, 1, 1, 1, 1, 1, 1, 1, 1, 1, 1, 1, 1, 1, 1, 1, 1, 1, 1
13, 8, 7, 2, 1, 1, 1, 1, 1, 1, 1, 1, 1, 1, 1
19, 5, 4, 2, 1, 1, 1, 1, 1, 1, 1, 1, 1, 1, 1
8, 5, 4, 2, 2, 1, 1, 1, 1, 1, 1, 1, 1, 1, 1
4,
13, 5, 5, 4, 3, 3, 3, 2, 2, 1, 1, 1, 1, 1, 1, 1, 1, 1, 1, 1, 1, 1, 1, 1, 1, 1, 1, 1, 1, 1, 1, 1, 1, 1
13, 9, 8, 6, 3, 2, 2, 2, 2, 2, 1, 1, 1, 1, 1, 1, 1, 1, 1, 1, 1, 1, 1, 1, 1, 1
15, 8, 3, 3, 2, 2, 2, 2, 2, 1, 1, 1, 1, 1, 1, 1, 1, 1, 1, 1, 1, 1, 1, 1, 1, 1, 1, 1, 1
15, 10, 7, 4, 3, 3, 2, 2, 1, 1, 1, 1, 1, 1, 1, 1, 1, 1, 1, 1, 1, 1, 1, 1, 1, 1, 1
16, 8, 6, 5, 4, 2, 2, 1, 1, 1, 1, 1, 1, 1
10, 6, 5, 5, 4, 3, 3, 1, 1, 1, 1, 1, 1
15, 10, 6, 3, 2, 2, 1, 1, 1, 1, 1, 1, 1, 1, 1
6, 4, 2, 2, 2, 2, 1, 1, 1, 1
4, 2, 1, 1, 1
12, 10, 10, 6, 3, 2, 2, 2, 1, 1, 1, 1, 1, 1, 1, 1, 1, 1, 1, 1, 1, 1, 1
20, 20, 6, 3, 3, 2, 2, 2, 2, 2, 2, 2, 1, 1, 1, 1, 1, 1, 1, 1, 1, 1, 1, 1, 1, 1
39, 16, 13, 9, 4, 4, 4, 2, 2, 2, 2, 1, 1, 1, 1, 1, 1, 1, 1, 1, 1, 1, 1, 1, 1, 1, 1, 1, 1, 1
64, 23, 23, 10, 10, 8, 7, 7, 6, 3, 2, 1, 1, 1, 1, 1
43, 20, 14, 13, 13, 11, 9, 6, 5, 3, 2, 1, 1, 1, 1, 1, 1, 1, 1, 1, 1
70, 18, 18, 12, 6, 4, 3, 3, 3, 2, 2, 2, 2, 1, 1, 1
44, 28, 21, 2, 1, 1, 1, 1, 1, 1
39, 19, 6, 5, 3, 2, 2, 1
17, 7, 5, 4, 4, 3, 3, 2, 2, 1, 1
5, 2, 1, 1, 1, 1, 1, 1, 1, 1
13, 8, 8, 3, 1, 1, 1, 1, 1, 1, 1
14, 4, 2, 2, 1, 1, 1, 1, 1, 1, 1, 1, 1
8, 2, 2, 2, 1, 1, 1, 1
61, 34, 7, 1, 1, 1, 1
49, 27, 16, 2, 1, 1, 1
14, 10, 9, 5, 2, 2, 1, 1, 1
46, 13, 10, 3, 2
52, 51, 45, 10
20, 12, 7, 7, 5, 5, 3, 3, 3, 3, 3, 3, 2, 2, 1, 1, 1, 1, 1, 1, 1, 1, 1, 1, 1, 1, 1, 1, 1, 1, 1, 1, 1, 1, 1, 1, 1, 1, 1, 1, 1, 1, 1, 1, 1, 1, 1, 1, 1, 1
22, 14, 6, 5, 5, 4, 4, 3, 2, 2, 2, 2, 2, 2, 2, 1, 1, 1, 1, 1, 1, 1, 1, 1, 1, 1, 1, 1, 1, 1, 1, 1, 1, 1, 1, 1, 1, 1
17, 16, 14, 10, 8, 7, 5, 5, 4, 3, 3, 2, 2, 2, 2, 2, 2, 1, 1, 1, 1, 1, 1, 1, 1, 1, 1, 1, 1, 1
25, 14, 12, 10, 7, 6, 4, 3, 3, 3, 2, 2, 2, 1, 1, 1, 1, 1, 1, 1, 1, 1, 1, 1, 1, 1, 1, 1, 1, 1, 1
74, 27, 14, 11, 10, 10, 8, 8, 7, 6, 6, 5, 5, 5, 5, 3, 3, 3, 2, 1, 1, 1, 1, 1, 1, 1, 1, 1, 1, 1, 1, 1, 1, 1, 1
104, 39, 17, 9, 8, 7, 7, 6, 5, 4, 3, 3, 3, 2, 2, 2, 2, 2, 1, 1, 1, 1, 1, 1, 1, 1
83, 34, 21, 12, 10, 9, 7, 5, 5, 4, 4, 3, 3, 2, 2, 2, 1, 1, 1, 1, 1
42, 28, 12, 7, 5, 4, 1, 1, 1, 1, 1, 1, 1, 1, 1, 1
68, 9, 3, 3, 3, 1, 1, 1, 1
20, 15, 8, 6, 4, 4, 3, 2, 2, 2, 1, 1, 1, 1, 1, 1, 1, 1, 1, 1, 1, 1, 1, 1, 1, 1, 1, 1, 1, 1
14, 11, 8, 6, 3, 3, 2, 2, 2, 2, 2, 1, 1, 1, 1, 1, 1, 1, 1, 1, 1, 1, 1, 1, 1, 1, 1, 1, 1
5, 4, 3, 3, 2, 2, 2, 2, 2, 1, 1, 1, 1, 1, 1, 1, 1, 1, 1, 1, 1, 1, 1, 1, 1, 1, 1, 1
8, 5, 4, 3, 2, 2, 1, 1, 1, 1, 1, 1, 1, 1, 1, 1, 1, 1, 1
11, 3, 2, 1, 1, 1, 1, 1, 1, 1, 1
31, 5, 5, 4, 4, 3, 3, 2, 2, 2, 1, 1, 1, 1, 1, 1, 1
9, 7, 3, 2, 1, 1, 1, 1, 1, 1, 1
6, 4, 3, 1, 1, 1
2, 1, 1, 1, 1, 1
4, 2, 1, 1, 1, 1, 1, 1
5, 3, 2, 1, 1, 1, 1, 1
2, 2, 1, 1, 1, 1, 1, 1, 1, 1, 1
1, 1, 1, 1, 1, 1
5, 1
3, 1, 1, 1
1,
1,
1,
10, 6, 4, 3, 2, 2, 1, 1, 1, 1, 1, 1, 1, 1, 1, 1, 1, 1, 1, 1
9, 3, 3, 2, 2, 2, 1, 1, 1, 1, 1, 1, 1, 1, 1, 1, 1, 1, 1
15, 6, 5, 4, 2, 2, 2, 1, 1, 1, 1, 1, 1, 1, 1, 1, 1, 1
11, 8, 3, 2, 2, 2, 1, 1, 1, 1, 1, 1
4, 3, 3, 1, 1, 1, 1
10, 7, 7, 6, 6, 4, 1, 1, 1, 1
10, 5, 3, 3, 2, 1, 1, 1, 1, 1, 1
8, 4, 3, 1, 1, 1, 1
7, 6, 2, 1, 1, 1, 1
25, 9, 8, 8, 5, 5, 3, 3, 3, 3, 2, 2, 2, 2, 2, 2, 1, 1, 1, 1, 1, 1, 1, 1, 1, 1, 1, 1, 1, 1, 1, 1, 1, 1, 1, 1, 1, 1, 1, 1, 1, 1
26, 14, 9, 8, 6, 6, 5, 2, 2, 2, 2, 2, 2, 2, 1, 1, 1, 1, 1, 1, 1, 1, 1, 1, 1, 1, 1, 1, 1, 1, 1, 1, 1, 1
30, 23, 19, 16, 6, 5, 5, 5, 5, 4, 4, 4, 3, 3, 3, 3, 3, 2, 2, 2, 1, 1, 1, 1, 1, 1, 1, 1, 1, 1, 1, 1, 1, 1, 1, 1, 1, 1, 1, 1, 1
55, 33, 26, 21, 14, 14, 10, 9, 5, 3, 3, 2, 2, 2, 1, 1, 1, 1, 1, 1, 1, 1, 1, 1, 1, 1, 1, 1, 1
100, 35, 33, 16, 12, 9, 5, 2
122, 30, 29, 15, 14, 12, 9, 8, 8, 6, 6, 5, 4, 3, 3, 1, 1, 1, 1, 1
160, 70, 65, 14, 11, 8, 8, 7, 5, 5, 4, 3, 3, 3, 2, 2, 2, 2, 1, 1, 1, 1, 1, 1, 1, 1, 1, 1
77, 39, 19, 12, 5, 3, 2, 1, 1
167, 21, 18, 14, 9, 8, 7, 1
7, 4, 3, 3, 2, 2, 2, 2, 1, 1, 1, 1, 1, 1, 1, 1, 1, 1, 1, 1, 1
11, 5, 4, 4, 4, 3, 2, 2, 1, 1, 1, 1, 1, 1, 1, 1, 1, 1
6, 6, 4, 3, 3, 2, 1, 1, 1, 1, 1, 1, 1, 1, 1, 1
37, 14, 8, 7, 6, 5, 2, 1, 1, 1, 1, 1, 1, 1, 1
23, 22, 20, 14, 13, 10, 10, 8, 2, 1, 1, 1, 1
18, 10, 8, 3, 1, 1, 1, 1
78, 21, 20, 12, 7, 4, 3, 2, 1, 1, 1, 1, 1, 1
25, 25, 23, 16, 12, 11, 4, 2, 1, 1
27, 14, 14, 6, 4
25, 15, 7, 6, 5, 4, 4, 3, 3, 2, 2, 2, 2, 2, 2, 2, 2, 2, 2, 1, 1, 1, 1, 1, 1, 1, 1, 1, 1, 1, 1, 1, 1, 1, 1, 1
24, 14, 8, 3, 3, 3, 3, 2, 2, 2, 2, 2, 2, 2, 1, 1, 1, 1, 1, 1, 1, 1, 1, 1, 1, 1, 1, 1, 1, 1, 1, 1, 1, 1, 1, 1, 1, 1
16, 6, 4, 4, 3, 3, 2, 2, 2, 2, 2, 1, 1, 1, 1, 1, 1, 1, 1, 1, 1, 1, 1, 1, 1, 1, 1
32, 19, 17, 16, 12, 7, 7, 7, 4, 4, 3, 2, 2, 2, 2, 1, 1, 1, 1, 1, 1, 1, 1, 1, 1, 1, 1
35, 35, 31, 28, 23, 23, 12, 11, 10, 8, 7, 5, 4, 3, 3, 3, 2, 2, 2, 1, 1, 1, 1, 1, 1, 1, 1, 1, 1, 1, 1, 1, 1
28, 19, 17, 14, 9, 7, 6, 4, 4, 4, 2, 1, 1, 1, 1, 1, 1, 1
31, 14, 3, 2, 1, 1, 1, 1, 1, 1, 1, 1, 1, 1, 1, 1, 1, 1, 1
36, 24, 24, 18, 11, 7, 4, 2, 1, 1
43, 12, 5, 5, 5, 3
31, 13, 7, 6, 5, 5, 4, 4, 4, 4, 4, 4, 3, 3, 3, 2, 2, 2, 2, 2, 2, 2, 2, 2, 2, 1, 1, 1, 1, 1, 1, 1, 1, 1, 1, 1, 1, 1, 1, 1, 1, 1, 1, 1, 1, 1
30, 14, 10, 6, 6, 5, 4, 4, 3, 3, 3, 3, 2, 2, 2, 2, 2, 2, 2, 1, 1, 1, 1, 1, 1, 1, 1, 1, 1, 1, 1, 1, 1, 1, 1, 1, 1, 1, 1, 1, 1
32, 17, 15, 14, 13, 13, 10, 9, 8, 8, 6, 5, 5, 5, 5, 5, 4, 3, 3, 2, 2, 2, 2, 2, 1, 1, 1, 1, 1, 1, 1, 1, 1, 1, 1, 1, 1, 1, 1, 1, 1, 1, 1, 1, 1, 1, 1, 1, 1
73, 19, 9, 8, 7, 7, 5, 5, 4, 4, 4, 4, 4, 3, 2, 2, 2, 2, 2, 2, 2, 2, 2, 2, 1, 1, 1, 1, 1, 1, 1, 1, 1, 1, 1, 1, 1
69, 45, 36, 23, 19, 15, 15, 14, 11, 10, 10, 9, 7, 5, 4, 4, 3, 3, 3, 3, 2, 2, 2, 2, 1, 1, 1
47, 29, 24, 23, 9, 8, 6, 4, 4, 4, 4, 3, 3, 3, 3, 3, 3, 3, 2, 2, 2, 2, 1, 1, 1, 1, 1, 1, 1, 1, 1, 1
44, 12, 11, 10, 8, 7, 6, 5, 4, 4, 4, 4, 3, 3, 3, 2, 2, 2, 2, 1, 1, 1, 1, 1, 1, 1
41, 39, 38, 32, 24, 19, 11, 11, 8, 6, 5, 2, 2, 2, 1, 1, 1, 1
22, 19, 7, 3, 3, 1
19, 11, 10, 7, 7, 3, 3, 3, 2, 2, 2, 2, 2, 1, 1, 1, 1, 1, 1, 1, 1, 1, 1, 1, 1, 1, 1, 1, 1
18, 10, 5, 5, 4, 4, 4, 3, 2, 2, 2, 2, 2, 2, 2, 1, 1, 1, 1, 1, 1, 1, 1, 1, 1, 1, 1, 1, 1, 1, 1
11, 7, 5, 4, 2, 2, 2, 1, 1, 1, 1, 1, 1, 1, 1, 1, 1, 1, 1, 1, 1, 1, 1, 1, 1, 1, 1
8, 6, 5, 5, 3, 2, 2, 2, 1, 1, 1, 1, 1, 1, 1, 1, 1, 1, 1, 1, 1, 1, 1, 1
5, 4, 3, 2, 2, 1, 1, 1, 1, 1, 1, 1
5, 4, 2, 1, 1, 1, 1, 1, 1, 1, 1, 1, 1
4, 1, 1, 1, 1, 1, 1, 1, 1, 1
2, 1, 1, 1, 1, 1, 1
1,
24, 14, 6, 5, 5, 4, 4, 3, 3, 3, 2, 2, 2, 2, 2, 2, 2, 2, 2, 1, 1, 1, 1, 1, 1, 1, 1, 1, 1, 1, 1, 1, 1, 1, 1, 1, 1, 1, 1, 1, 1
15, 6, 6, 3, 3, 3, 2, 2, 2, 2, 2, 2, 2, 2, 2, 2, 1, 1, 1, 1, 1, 1, 1, 1, 1, 1, 1, 1, 1, 1, 1, 1, 1
8, 5, 4, 3, 2, 2, 2, 2, 2, 2, 1, 1, 1, 1, 1, 1, 1, 1, 1, 1, 1, 1, 1, 1, 1, 1, 1, 1, 1, 1, 1, 1
8, 4, 2, 2, 1, 1, 1, 1, 1, 1, 1, 1, 1, 1, 1, 1, 1, 1, 1, 1, 1, 1, 1, 1, 1, 1
4, 4, 3, 1, 1, 1, 1, 1, 1, 1, 1, 1, 1, 1, 1, 1, 1, 1, 1
6, 6, 2, 2, 2, 1, 1, 1, 1, 1, 1, 1, 1, 1, 1, 1, 1, 1, 1, 1, 1, 1, 1
3, 2
2, 1, 1, 1, 1
1, 1, 1
